<?xml version="1.0" encoding="UTF-8"?>
<project-private xmlns="http://www.netbeans.org/ns/project-private/1">
    <editor-bookmarks xmlns="http://www.netbeans.org/ns/editor-bookmarks/2" lastBookmarkId="0"/>
    <open-files xmlns="http://www.netbeans.org/ns/projectui-open-files/2">
        <group>
            <file>file:/Users/elishastephen/Desktop/Programming/Semester%202/Assignment%20-%20ST10291541/QuestionTwo/test/Child_Test.java</file>
            <file>file:/Users/elishastephen/Desktop/Programming/Semester%202/Assignment%20-%20ST10291541/QuestionTwo/test/Parent_Test.java</file>
        </group>
    </open-files>
</project-private>
